scenario,probability,gross_usd_irr,gross_usd_moic,npv_at_20pct_usd_m
Downside,0.25,0.030466055562615058,1.2922355367398481,-7.101998951169008
Base,0.5,0.22927669922929905,5.76494578911951,2.1254939435786557
Upside,0.25,0.3621395818056361,13.189571379999785,16.77457855462514
